{"cameraMode":{"drawMode":0,"name":"Shaded","section":"Shading Mode"},"sceneLighting":true,"audioPlay":false,"sceneViewState":{"m_AlwaysRefresh":false,"showFog":true,"showSkybox":true,"showFlares":true,"showImageEffects":true,"showParticleSystems":true,"showVisualEffectGraphs":true,"m_FxEnabled":true},"in2DMode":false,"pivot":{"x":1094.5113525390625,"y":452.3746337890625,"z":1141.8155517578125},"rotation":{"x":0.06494344770908356,"y":-0.9008098840713501,"z":0.14473529160022736,"w":0.4042128324508667},"size":12.124353408813477,"orthographic":false}